"rs","chr","ps","pval","gene"
"01_10838495",1,10838495,6.375682e-06,"Potri.001G134900"
"01_16628872",1,16628872,9.016229e-06,"Potri.001G188300"
"01_23799134",1,23799134,8.058183e-06,"Potri.001G226600"
"01_38900650",1,38900650,2.948116e-06,"Potri.001G374500"
"01_41284594",1,41284594,7.223056e-06,"nomatch"
